,value,percentage,tipo_energia,fecha
0,231714.36,0.36,Renovable,2012-01-01
1,336424.06,0.43,Renovable,2012-01-02
2,257676.3,0.32,Renovable,2012-01-03
3,263449.0,0.32,Renovable,2012-01-04
4,296399.95,0.37,Renovable,2012-01-05
5,301876.32,0.42,Renovable,2012-01-06
6,259169.06,0.38,Renovable,2012-01-07
7,234365.85,0.35,Renovable,2012-01-08
8,210530.58,0.25,Renovable,2012-01-09
9,168266.16,0.2,Renovable,2012-01-10
10,157793.9,0.18,Renovable,2012-01-11
11,139714.35,0.16,Renovable,2012-01-12
12,130601.92,0.15,Renovable,2012-01-13
13,169720.55,0.22,Renovable,2012-01-14
14,140464.88,0.19,Renovable,2012-01-15
15,161749.75,0.18,Renovable,2012-01-16
16,159399.95,0.18,Renovable,2012-01-17
17,139544.8,0.16,Renovable,2012-01-18
18,154484.62,0.18,Renovable,2012-01-19
19,222888.44,0.26,Renovable,2012-01-20
20,201364.94,0.27,Renovable,2012-01-21
21,188941.72,0.26,Renovable,2012-01-22
22,223713.19,0.26,Renovable,2012-01-23
23,214381.88,0.25,Renovable,2012-01-24
24,126197.08,0.15,Renovable,2012-01-25
25,133576.96,0.15,Renovable,2012-01-26
26,171988.88,0.2,Renovable,2012-01-27
27,211797.43,0.28,Renovable,2012-01-28
28,278741.77,0.36,Renovable,2012-01-29
29,211205.86,0.24,Renovable,2012-01-30
30,213976.22,0.24,Renovable,2012-01-31
31,255798.25,0.27,Renovable,2012-02-01
32,364803.48,0.38,Renovable,2012-02-02
33,400253.84,0.4,Renovable,2012-02-03
34,357205.12,0.4,Renovable,2012-02-04
35,331682.11,0.4,Renovable,2012-02-05
36,354632.72,0.38,Renovable,2012-02-06
37,367294.47,0.38,Renovable,2012-02-07
38,349506.27,0.35,Renovable,2012-02-08
39,266382.5,0.27,Renovable,2012-02-09
40,302470.23,0.31,Renovable,2012-02-10
41,308321.56,0.35,Renovable,2012-02-11
42,338047.26,0.39,Renovable,2012-02-12
43,303071.41,0.31,Renovable,2012-02-13
44,324822.82,0.33,Renovable,2012-02-14
45,289919.27,0.3,Renovable,2012-02-15
46,302893.0,0.31,Renovable,2012-02-16
47,223540.21,0.24,Renovable,2012-02-17
48,150080.68,0.19,Renovable,2012-02-18
49,213965.82,0.28,Renovable,2012-02-19
50,241214.21,0.27,Renovable,2012-02-20
51,142445.67,0.16,Renovable,2012-02-21
52,155172.1,0.17,Renovable,2012-02-22
53,176310.16,0.2,Renovable,2012-02-23
54,150704.59,0.18,Renovable,2012-02-24
55,137848.7,0.18,Renovable,2012-02-25
56,242858.81,0.33,Renovable,2012-02-26
57,199989.89,0.24,Renovable,2012-02-27
58,136717.63,0.17,Renovable,2012-02-28
59,114676.77,0.14,Renovable,2012-02-29
60,113062.46,0.14,Renovable,2012-03-01
61,145175.26,0.18,Renovable,2012-03-02
62,207494.68,0.28,Renovable,2012-03-03
63,282940.36,0.39,Renovable,2012-03-04
64,257093.84,0.31,Renovable,2012-03-05
65,231084.48,0.27,Renovable,2012-03-06
66,174239.11,0.21,Renovable,2012-03-07
67,325592.33,0.37,Renovable,2012-03-08
68,277892.51,0.33,Renovable,2012-03-09
69,243551.43,0.32,Renovable,2012-03-10
70,265094.87,0.37,Renovable,2012-03-11
71,172498.37,0.22,Renovable,2012-03-12
72,139308.33,0.17,Renovable,2012-03-13
73,141263.03,0.18,Renovable,2012-03-14
74,153843.36,0.19,Renovable,2012-03-15
75,180328.13,0.23,Renovable,2012-03-16
76,231336.46,0.33,Renovable,2012-03-17
77,276509.74,0.4,Renovable,2012-03-18
78,253782.23,0.35,Renovable,2012-03-19
79,291423.51,0.35,Renovable,2012-03-20
80,215615.8,0.26,Renovable,2012-03-21
81,170034.54,0.21,Renovable,2012-03-22
82,212651.51,0.27,Renovable,2012-03-23
83,183921.74,0.26,Renovable,2012-03-24
84,166182.58,0.27,Renovable,2012-03-25
85,226431.16,0.29,Renovable,2012-03-26
86,224861.78,0.29,Renovable,2012-03-27
87,217786.27,0.29,Renovable,2012-03-28
88,189292.37,0.27,Renovable,2012-03-29
89,213739.35,0.29,Renovable,2012-03-30
90,169069.64,0.26,Renovable,2012-03-31
91,157442.26,0.25,Renovable,2012-04-01
92,132532.94,0.18,Renovable,2012-04-02
93,158648.94,0.21,Renovable,2012-04-03
94,175742.51,0.23,Renovable,2012-04-04
95,162157.35,0.23,Renovable,2012-04-05
96,181481.64,0.28,Renovable,2012-04-06
97,232861.43,0.34,Renovable,2012-04-07
98,226513.26,0.35,Renovable,2012-04-08
99,187911.19,0.28,Renovable,2012-04-09
100,345231.12,0.44,Renovable,2012-04-10
101,312380.8,0.39,Renovable,2012-04-11
102,210418.06,0.28,Renovable,2012-04-12
103,320235.33,0.4,Renovable,2012-04-13
104,354906.77,0.48,Renovable,2012-04-14
105,357363.96,0.51,Renovable,2012-04-15
106,387653.94,0.47,Renovable,2012-04-16
107,332128.6,0.41,Renovable,2012-04-17
108,430991.11,0.51,Renovable,2012-04-18
109,433945.43,0.51,Renovable,2012-04-19
110,380443.47,0.46,Renovable,2012-04-20
111,315279.49,0.43,Renovable,2012-04-21
112,219564.25,0.35,Renovable,2012-04-22
113,364262.27,0.45,Renovable,2012-04-23
114,361030.87,0.44,Renovable,2012-04-24
115,377206.13,0.47,Renovable,2012-04-25
116,302225.86,0.38,Renovable,2012-04-26
117,193965.31,0.26,Renovable,2012-04-27
118,207275.25,0.3,Renovable,2012-04-28
119,204549.91,0.31,Renovable,2012-04-29
120,252004.48,0.34,Renovable,2012-04-30
121,227394.57,0.35,Renovable,2012-05-01
122,223010.74,0.31,Renovable,2012-05-02
123,253415.3,0.33,Renovable,2012-05-03
124,301885.46,0.38,Renovable,2012-05-04
125,248496.95,0.35,Renovable,2012-05-05
126,207281.74,0.33,Renovable,2012-05-06
127,257480.27,0.35,Renovable,2012-05-07
128,296592.4,0.39,Renovable,2012-05-08
129,277599.19,0.37,Renovable,2012-05-09
130,298674.32,0.38,Renovable,2012-05-10
131,254606.8,0.34,Renovable,2012-05-11
132,241284.92,0.36,Renovable,2012-05-12
133,248715.08,0.38,Renovable,2012-05-13
134,260589.27,0.35,Renovable,2012-05-14
135,300074.06,0.38,Renovable,2012-05-15
136,268365.18,0.35,Renovable,2012-05-16
137,310318.97,0.4,Renovable,2012-05-17
138,226485.78,0.31,Renovable,2012-05-18
139,248571.45,0.38,Renovable,2012-05-19
140,284226.56,0.45,Renovable,2012-05-20
141,383222.42,0.49,Renovable,2012-05-21
142,309804.96,0.4,Renovable,2012-05-22
143,224691.54,0.3,Renovable,2012-05-23
144,196894.97,0.26,Renovable,2012-05-24
145,227659.28,0.3,Renovable,2012-05-25
146,248617.77,0.37,Renovable,2012-05-26
147,209544.52,0.34,Renovable,2012-05-27
148,190602.56,0.27,Renovable,2012-05-28
149,193013.92,0.25,Renovable,2012-05-29
150,193996.25,0.25,Renovable,2012-05-30
151,233931.0,0.3,Renovable,2012-05-31
152,213664.32,0.27,Renovable,2012-06-01
153,203926.25,0.29,Renovable,2012-06-02
154,191646.65,0.31,Renovable,2012-06-03
155,192288.54,0.26,Renovable,2012-06-04
156,213194.92,0.27,Renovable,2012-06-05
157,255860.81,0.32,Renovable,2012-06-06
158,324266.0,0.41,Renovable,2012-06-07
159,248785.21,0.33,Renovable,2012-06-08
160,229657.96,0.34,Renovable,2012-06-09
161,328727.2,0.48,Renovable,2012-06-10
162,354503.98,0.45,Renovable,2012-06-11
163,287077.29,0.37,Renovable,2012-06-12
164,201582.75,0.26,Renovable,2012-06-13
165,298998.94,0.37,Renovable,2012-06-14
166,289380.57,0.37,Renovable,2012-06-15
167,231420.88,0.33,Renovable,2012-06-16
168,226651.36,0.35,Renovable,2012-06-17
169,197006.6,0.26,Renovable,2012-06-18
170,202021.84,0.26,Renovable,2012-06-19
171,239369.91,0.3,Renovable,2012-06-20
172,305539.35,0.38,Renovable,2012-06-21
173,225361.56,0.29,Renovable,2012-06-22
174,221209.9,0.31,Renovable,2012-06-23
175,199602.27,0.3,Renovable,2012-06-24
176,226532.16,0.28,Renovable,2012-06-25
177,207937.85,0.24,Renovable,2012-06-26
178,210601.16,0.24,Renovable,2012-06-27
179,251592.46,0.29,Renovable,2012-06-28
180,251850.51,0.29,Renovable,2012-06-29
181,230415.97,0.31,Renovable,2012-06-30
182,265521.06,0.39,Renovable,2012-07-01
183,172357.9,0.22,Renovable,2012-07-02
184,186287.57,0.23,Renovable,2012-07-03
185,216610.93,0.27,Renovable,2012-07-04
186,249501.99,0.31,Renovable,2012-07-05
187,195304.6,0.25,Renovable,2012-07-06
188,255407.13,0.35,Renovable,2012-07-07
189,188581.17,0.29,Renovable,2012-07-08
190,209809.56,0.27,Renovable,2012-07-09
191,212834.73,0.27,Renovable,2012-07-10
192,219737.16,0.27,Renovable,2012-07-11
193,192889.1,0.24,Renovable,2012-07-12
194,266458.08,0.32,Renovable,2012-07-13
195,242013.23,0.34,Renovable,2012-07-14
196,206293.96,0.32,Renovable,2012-07-15
197,245010.36,0.31,Renovable,2012-07-16
198,217175.71,0.26,Renovable,2012-07-17
199,201690.29,0.24,Renovable,2012-07-18
200,216768.35,0.26,Renovable,2012-07-19
201,228521.65,0.27,Renovable,2012-07-20
202,229211.61,0.31,Renovable,2012-07-21
203,229334.22,0.33,Renovable,2012-07-22
204,232916.84,0.29,Renovable,2012-07-23
205,223207.23,0.27,Renovable,2012-07-24
206,188931.38,0.23,Renovable,2012-07-25
207,202221.69,0.24,Renovable,2012-07-26
208,179869.11,0.22,Renovable,2012-07-27
209,181717.93,0.26,Renovable,2012-07-28
210,160400.05,0.25,Renovable,2012-07-29
211,170367.51,0.22,Renovable,2012-07-30
212,198619.48,0.25,Renovable,2012-07-31
213,227019.86,0.28,Renovable,2012-08-01
214,187353.28,0.23,Renovable,2012-08-02
215,181973.73,0.23,Renovable,2012-08-03
216,177393.74,0.25,Renovable,2012-08-04
217,207161.4,0.32,Renovable,2012-08-05
218,179060.22,0.25,Renovable,2012-08-06
219,226147.16,0.29,Renovable,2012-08-07
220,198453.07,0.25,Renovable,2012-08-08
221,185705.96,0.24,Renovable,2012-08-09
222,176561.77,0.22,Renovable,2012-08-10
223,210017.5,0.28,Renovable,2012-08-11
224,198473.22,0.29,Renovable,2012-08-12
225,172813.43,0.23,Renovable,2012-08-13
226,229089.74,0.3,Renovable,2012-08-14
227,276150.85,0.38,Renovable,2012-08-15
228,193826.93,0.25,Renovable,2012-08-16
229,215993.19,0.28,Renovable,2012-08-17
230,181320.41,0.25,Renovable,2012-08-18
231,177613.16,0.26,Renovable,2012-08-19
232,170174.87,0.21,Renovable,2012-08-20
233,159993.9,0.19,Renovable,2012-08-21
234,195481.21,0.23,Renovable,2012-08-22
235,195662.21,0.23,Renovable,2012-08-23
236,236507.34,0.28,Renovable,2012-08-24
237,218321.66,0.29,Renovable,2012-08-25
238,156244.28,0.23,Renovable,2012-08-26
239,202574.2,0.25,Renovable,2012-08-27
240,154797.85,0.19,Renovable,2012-08-28
241,165704.88,0.2,Renovable,2012-08-29
242,255355.31,0.31,Renovable,2012-08-30
243,316663.9,0.4,Renovable,2012-08-31
244,300111.0,0.42,Renovable,2012-09-01
245,283626.16,0.41,Renovable,2012-09-02
246,305812.37,0.39,Renovable,2012-09-03
247,291187.7,0.36,Renovable,2012-09-04
248,269291.53,0.33,Renovable,2012-09-05
249,215123.88,0.26,Renovable,2012-09-06
250,159492.47,0.2,Renovable,2012-09-07
251,121749.16,0.17,Renovable,2012-09-08
252,122712.28,0.19,Renovable,2012-09-09
253,145299.0,0.19,Renovable,2012-09-10
254,128697.86,0.17,Renovable,2012-09-11
255,199306.87,0.25,Renovable,2012-09-12
256,282829.8,0.35,Renovable,2012-09-13
257,242714.95,0.31,Renovable,2012-09-14
258,172966.51,0.25,Renovable,2012-09-15
259,115157.87,0.18,Renovable,2012-09-16
260,111893.27,0.15,Renovable,2012-09-17
261,139282.13,0.17,Renovable,2012-09-18
262,258436.64,0.31,Renovable,2012-09-19
263,187531.45,0.23,Renovable,2012-09-20
264,188830.84,0.23,Renovable,2012-09-21
265,156774.29,0.23,Renovable,2012-09-22
266,311816.27,0.46,Renovable,2012-09-23
267,332050.77,0.42,Renovable,2012-09-24
268,327715.61,0.42,Renovable,2012-09-25
269,226964.88,0.3,Renovable,2012-09-26
270,130893.63,0.18,Renovable,2012-09-27
271,207194.53,0.28,Renovable,2012-09-28
272,265220.28,0.39,Renovable,2012-09-29
273,195469.62,0.32,Renovable,2012-09-30
274,123973.66,0.17,Renovable,2012-10-01
275,113242.34,0.15,Renovable,2012-10-02
276,132153.67,0.17,Renovable,2012-10-03
277,131609.24,0.17,Renovable,2012-10-04
278,145333.17,0.19,Renovable,2012-10-05
279,174910.34,0.25,Renovable,2012-10-06
280,146915.53,0.22,Renovable,2012-10-07
281,177866.45,0.23,Renovable,2012-10-08
282,147435.42,0.19,Renovable,2012-10-09
283,134167.19,0.17,Renovable,2012-10-10
284,207561.49,0.26,Renovable,2012-10-11
285,166954.15,0.25,Renovable,2012-10-12
286,137511.19,0.21,Renovable,2012-10-13
287,239060.36,0.36,Renovable,2012-10-14
288,232628.47,0.31,Renovable,2012-10-15
289,240901.94,0.32,Renovable,2012-10-16
290,287284.85,0.36,Renovable,2012-10-17
291,251949.58,0.32,Renovable,2012-10-18
292,167798.2,0.22,Renovable,2012-10-19
293,132874.18,0.2,Renovable,2012-10-20
294,186025.29,0.29,Renovable,2012-10-21
295,134602.53,0.18,Renovable,2012-10-22
296,156890.33,0.21,Renovable,2012-10-23
297,197635.32,0.26,Renovable,2012-10-24
298,184856.03,0.25,Renovable,2012-10-25
299,185901.4,0.25,Renovable,2012-10-26
300,348833.65,0.5,Renovable,2012-10-27
301,279646.2,0.42,Renovable,2012-10-28
302,184134.87,0.26,Renovable,2012-10-29
303,175823.25,0.23,Renovable,2012-10-30
304,270659.28,0.35,Renovable,2012-10-31
305,374197.31,0.51,Renovable,2012-11-01
306,329070.86,0.44,Renovable,2012-11-02
307,255656.01,0.39,Renovable,2012-11-03
308,257021.11,0.4,Renovable,2012-11-04
309,260607.95,0.33,Renovable,2012-11-05
310,243360.24,0.31,Renovable,2012-11-06
311,295415.43,0.37,Renovable,2012-11-07
312,243787.26,0.3,Renovable,2012-11-08
313,196794.28,0.26,Renovable,2012-11-09
314,256457.78,0.37,Renovable,2012-11-10
315,299746.62,0.45,Renovable,2012-11-11
316,289255.38,0.37,Renovable,2012-11-12
317,209579.56,0.27,Renovable,2012-11-13
318,208098.46,0.29,Renovable,2012-11-14
319,237494.9,0.32,Renovable,2012-11-15
320,223895.96,0.3,Renovable,2012-11-16
321,188524.62,0.28,Renovable,2012-11-17
322,180450.74,0.28,Renovable,2012-11-18
323,181525.76,0.24,Renovable,2012-11-19
324,209259.4,0.27,Renovable,2012-11-20
325,196156.62,0.25,Renovable,2012-11-21
326,179264.08,0.22,Renovable,2012-11-22
327,239330.55,0.3,Renovable,2012-11-23
328,256498.17,0.36,Renovable,2012-11-24
329,157919.7,0.25,Renovable,2012-11-25
330,207412.5,0.27,Renovable,2012-11-26
331,295609.28,0.36,Renovable,2012-11-27
332,390458.29,0.46,Renovable,2012-11-28
333,368054.93,0.43,Renovable,2012-11-29
334,269960.65,0.32,Renovable,2012-11-30
335,279331.78,0.37,Renovable,2012-12-01
336,247165.36,0.34,Renovable,2012-12-02
337,266558.38,0.32,Renovable,2012-12-03
338,347944.25,0.39,Renovable,2012-12-04
339,343057.05,0.38,Renovable,2012-12-05
340,226106.09,0.29,Renovable,2012-12-06
341,247440.52,0.3,Renovable,2012-12-07
342,311560.33,0.4,Renovable,2012-12-08
343,176273.47,0.25,Renovable,2012-12-09
344,211117.53,0.24,Renovable,2012-12-10
345,182961.8,0.21,Renovable,2012-12-11
346,180586.69,0.2,Renovable,2012-12-12
347,302547.89,0.33,Renovable,2012-12-13
348,411457.76,0.47,Renovable,2012-12-14
349,408560.46,0.52,Renovable,2012-12-15
350,371324.05,0.5,Renovable,2012-12-16
351,325324.66,0.39,Renovable,2012-12-17
352,269231.35,0.32,Renovable,2012-12-18
353,257733.06,0.31,Renovable,2012-12-19
354,394823.64,0.47,Renovable,2012-12-20
355,395719.96,0.49,Renovable,2012-12-21
356,299899.52,0.43,Renovable,2012-12-22
357,256119.78,0.4,Renovable,2012-12-23
358,315858.19,0.46,Renovable,2012-12-24
359,271636.23,0.44,Renovable,2012-12-25
360,306086.99,0.44,Renovable,2012-12-26
361,317731.43,0.44,Renovable,2012-12-27
362,271951.97,0.39,Renovable,2012-12-28
363,328830.89,0.47,Renovable,2012-12-29
364,262108.98,0.4,Renovable,2012-12-30
365,288404.42,0.43,Renovable,2012-12-31
366,404380.54,0.64,No renovable,2012-01-01
367,453370.5,0.57,No renovable,2012-01-02
368,556236.37,0.68,No renovable,2012-01-03
369,568278.8,0.68,No renovable,2012-01-04
370,513171.37,0.63,No renovable,2012-01-05
371,413390.12,0.58,No renovable,2012-01-06
372,431327.4,0.62,No renovable,2012-01-07
373,433718.09,0.65,No renovable,2012-01-08
374,620968.05,0.75,No renovable,2012-01-09
375,683086.65,0.8,No renovable,2012-01-10
376,717160.11,0.82,No renovable,2012-01-11
377,737455.94,0.84,No renovable,2012-01-12
378,746271.98,0.85,No renovable,2012-01-13
379,611767.88,0.78,No renovable,2012-01-14
380,589759.44,0.81,No renovable,2012-01-15
381,732106.26,0.82,No renovable,2012-01-16
382,738280.16,0.82,No renovable,2012-01-17
383,739264.72,0.84,No renovable,2012-01-18
384,713639.24,0.82,No renovable,2012-01-19
385,643825.48,0.74,No renovable,2012-01-20
386,554929.15,0.73,No renovable,2012-01-21
387,531985.37,0.74,No renovable,2012-01-22
388,625883.57,0.74,No renovable,2012-01-23
389,653204.54,0.75,No renovable,2012-01-24
390,731892.76,0.85,No renovable,2012-01-25
391,734499.63,0.85,No renovable,2012-01-26
392,689106.05,0.8,No renovable,2012-01-27
393,551705.17,0.72,No renovable,2012-01-28
394,487203.04,0.64,No renovable,2012-01-29
395,676892.18,0.76,No renovable,2012-01-30
396,694849.33,0.76,No renovable,2012-01-31
397,675202.28,0.73,No renovable,2012-02-01
398,601709.96,0.62,No renovable,2012-02-02
399,590300.11,0.6,No renovable,2012-02-03
400,542739.53,0.6,No renovable,2012-02-04
401,494271.26,0.6,No renovable,2012-02-05
402,579396.2,0.62,No renovable,2012-02-06
403,589093.74,0.62,No renovable,2012-02-07
404,638581.01,0.65,No renovable,2012-02-08
405,718065.24,0.73,No renovable,2012-02-09
406,683585.64,0.69,No renovable,2012-02-10
407,580265.66,0.65,No renovable,2012-02-11
408,519938.66,0.61,No renovable,2012-02-12
409,676917.64,0.69,No renovable,2012-02-13
410,672384.06,0.67,No renovable,2012-02-14
411,681007.49,0.7,No renovable,2012-02-15
412,665981.58,0.69,No renovable,2012-02-16
413,701333.01,0.76,No renovable,2012-02-17
414,642882.23,0.81,No renovable,2012-02-18
415,555944.14,0.72,No renovable,2012-02-19
416,663242.84,0.73,No renovable,2012-02-20
417,741697.73,0.84,No renovable,2012-02-21
418,737881.56,0.83,No renovable,2012-02-22
419,708315.88,0.8,No renovable,2012-02-23
420,707256.71,0.82,No renovable,2012-02-24
421,609113.39,0.82,No renovable,2012-02-25
422,494624.11,0.67,No renovable,2012-02-26
423,637331.64,0.76,No renovable,2012-02-27
424,690687.13,0.83,No renovable,2012-02-28
425,701003.85,0.86,No renovable,2012-02-29
426,695661.89,0.86,No renovable,2012-03-01
427,674219.29,0.82,No renovable,2012-03-02
428,526496.5,0.72,No renovable,2012-03-03
429,437596.87,0.61,No renovable,2012-03-04
430,570755.22,0.69,No renovable,2012-03-05
431,616864.4,0.73,No renovable,2012-03-06
432,669839.1,0.79,No renovable,2012-03-07
433,561718.3,0.63,No renovable,2012-03-08
434,569938.14,0.67,No renovable,2012-03-09
435,506453.85,0.68,No renovable,2012-03-10
436,445306.01,0.63,No renovable,2012-03-11
437,621484.78,0.78,No renovable,2012-03-12
438,667188.53,0.83,No renovable,2012-03-13
439,660111.89,0.82,No renovable,2012-03-14
440,637931.18,0.81,No renovable,2012-03-15
441,594409.44,0.77,No renovable,2012-03-16
442,464397.77,0.67,No renovable,2012-03-17
443,422351.22,0.6,No renovable,2012-03-18
444,477252.71,0.65,No renovable,2012-03-19
445,549616.73,0.65,No renovable,2012-03-20
446,627297.01,0.74,No renovable,2012-03-21
447,634853.78,0.79,No renovable,2012-03-22
448,564016.0,0.73,No renovable,2012-03-23
449,517851.75,0.74,No renovable,2012-03-24
450,458778.52,0.73,No renovable,2012-03-25
451,541431.34,0.71,No renovable,2012-03-26
452,548158.57,0.71,No renovable,2012-03-27
453,521335.1,0.71,No renovable,2012-03-28
454,509503.88,0.73,No renovable,2012-03-29
455,522486.47,0.71,No renovable,2012-03-30
456,493263.54,0.74,No renovable,2012-03-31
457,468291.11,0.75,No renovable,2012-04-01
458,590468.24,0.82,No renovable,2012-04-02
459,603537.28,0.79,No renovable,2012-04-03
460,579563.08,0.77,No renovable,2012-04-04
461,539920.14,0.77,No renovable,2012-04-05
462,471177.62,0.72,No renovable,2012-04-06
463,452748.88,0.66,No renovable,2012-04-07
464,425954.1,0.65,No renovable,2012-04-08
465,482391.74,0.72,No renovable,2012-04-09
466,443592.92,0.56,No renovable,2012-04-10
467,482936.94,0.61,No renovable,2012-04-11
468,541640.1,0.72,No renovable,2012-04-12
469,480384.52,0.6,No renovable,2012-04-13
470,378960.95,0.52,No renovable,2012-04-14
471,342796.31,0.49,No renovable,2012-04-15
472,429398.92,0.53,No renovable,2012-04-16
473,482867.4,0.59,No renovable,2012-04-17
474,410474.44,0.49,No renovable,2012-04-18
475,414072.61,0.49,No renovable,2012-04-19
476,438884.74,0.54,No renovable,2012-04-20
477,414215.99,0.57,No renovable,2012-04-21
478,416329.88,0.65,No renovable,2012-04-22
479,437324.7,0.55,No renovable,2012-04-23
480,457536.59,0.56,No renovable,2012-04-24
481,433683.74,0.53,No renovable,2012-04-25
482,489890.74,0.62,No renovable,2012-04-26
483,550715.43,0.74,No renovable,2012-04-27
484,485978.88,0.7,No renovable,2012-04-28
485,449161.82,0.69,No renovable,2012-04-29
486,482908.57,0.66,No renovable,2012-04-30
487,420995.0,0.65,No renovable,2012-05-01
488,498684.28,0.69,No renovable,2012-05-02
489,516492.16,0.67,No renovable,2012-05-03
490,494419.56,0.62,No renovable,2012-05-04
491,468599.59,0.65,No renovable,2012-05-05
492,428932.25,0.67,No renovable,2012-05-06
493,480638.94,0.65,No renovable,2012-05-07
494,460128.5,0.61,No renovable,2012-05-08
495,481117.62,0.63,No renovable,2012-05-09
496,478588.07,0.62,No renovable,2012-05-10
497,495729.32,0.66,No renovable,2012-05-11
498,428858.98,0.64,No renovable,2012-05-12
499,399426.6,0.62,No renovable,2012-05-13
500,489989.29,0.65,No renovable,2012-05-14
501,486696.5,0.62,No renovable,2012-05-15
502,498958.27,0.65,No renovable,2012-05-16
503,466795.44,0.6,No renovable,2012-05-17
504,515853.92,0.69,No renovable,2012-05-18
505,412128.25,0.62,No renovable,2012-05-19
506,351354.67,0.55,No renovable,2012-05-20
507,397578.1,0.51,No renovable,2012-05-21
508,458634.17,0.6,No renovable,2012-05-22
509,534782.69,0.7,No renovable,2012-05-23
510,565542.38,0.74,No renovable,2012-05-24
511,533763.89,0.7,No renovable,2012-05-25
512,424575.39,0.63,No renovable,2012-05-26
513,400240.07,0.66,No renovable,2012-05-27
514,527020.44,0.73,No renovable,2012-05-28
515,564917.6,0.75,No renovable,2012-05-29
516,574437.66,0.75,No renovable,2012-05-30
517,554404.32,0.7,No renovable,2012-05-31
518,563640.9,0.73,No renovable,2012-06-01
519,498754.12,0.71,No renovable,2012-06-02
520,434370.98,0.69,No renovable,2012-06-03
521,557041.77,0.74,No renovable,2012-06-04
522,572445.12,0.73,No renovable,2012-06-05
523,551354.32,0.68,No renovable,2012-06-06
524,463544.04,0.59,No renovable,2012-06-07
525,510780.31,0.67,No renovable,2012-06-08
526,453872.66,0.66,No renovable,2012-06-09
527,352500.51,0.52,No renovable,2012-06-10
528,427811.7,0.55,No renovable,2012-06-11
529,494169.97,0.63,No renovable,2012-06-12
530,565209.6,0.74,No renovable,2012-06-13
531,506355.44,0.63,No renovable,2012-06-14
532,502171.11,0.63,No renovable,2012-06-15
533,460078.96,0.67,No renovable,2012-06-16
534,421565.81,0.65,No renovable,2012-06-17
535,564148.56,0.74,No renovable,2012-06-18
536,578669.87,0.74,No renovable,2012-06-19
537,568786.9,0.7,No renovable,2012-06-20
538,502201.37,0.62,No renovable,2012-06-21
539,554984.58,0.71,No renovable,2012-06-22
540,494142.15,0.69,No renovable,2012-06-23
541,458818.9,0.7,No renovable,2012-06-24
542,587341.38,0.72,No renovable,2012-06-25
543,648234.39,0.76,No renovable,2012-06-26
544,657917.07,0.76,No renovable,2012-06-27
545,631101.66,0.71,No renovable,2012-06-28
546,608460.45,0.71,No renovable,2012-06-29
547,511458.97,0.69,No renovable,2012-06-30
548,414970.56,0.61,No renovable,2012-07-01
549,596011.27,0.78,No renovable,2012-07-02
550,618415.78,0.77,No renovable,2012-07-03
551,597244.24,0.73,No renovable,2012-07-04
552,556346.25,0.69,No renovable,2012-07-05
553,591851.29,0.75,No renovable,2012-07-06
554,466091.61,0.65,No renovable,2012-07-07
555,456234.96,0.71,No renovable,2012-07-08
556,565678.48,0.73,No renovable,2012-07-09
557,583485.88,0.73,No renovable,2012-07-10
558,580465.21,0.73,No renovable,2012-07-11
559,609431.21,0.76,No renovable,2012-07-12
560,570811.62,0.68,No renovable,2012-07-13
561,475290.66,0.66,No renovable,2012-07-14
562,436929.2,0.68,No renovable,2012-07-15
563,551351.58,0.69,No renovable,2012-07-16
564,614304.5,0.74,No renovable,2012-07-17
565,634083.61,0.76,No renovable,2012-07-18
566,620622.84,0.74,No renovable,2012-07-19
567,608159.17,0.73,No renovable,2012-07-20
568,498824.33,0.69,No renovable,2012-07-21
569,456824.37,0.67,No renovable,2012-07-22
570,566547.69,0.71,No renovable,2012-07-23
571,602695.65,0.73,No renovable,2012-07-24
572,634390.97,0.77,No renovable,2012-07-25
573,629356.65,0.76,No renovable,2012-07-26
574,639223.66,0.78,No renovable,2012-07-27
575,527841.27,0.74,No renovable,2012-07-28
576,484538.86,0.75,No renovable,2012-07-29
577,596332.86,0.78,No renovable,2012-07-30
578,599607.39,0.75,No renovable,2012-07-31
579,584711.13,0.72,No renovable,2012-08-01
580,617014.99,0.77,No renovable,2012-08-02
581,604460.68,0.77,No renovable,2012-08-03
582,523510.23,0.75,No renovable,2012-08-04
583,446350.52,0.68,No renovable,2012-08-05
584,547069.38,0.75,No renovable,2012-08-06
585,545637.8,0.71,No renovable,2012-08-07
586,580433.91,0.75,No renovable,2012-08-08
587,603114.69,0.76,No renovable,2012-08-09
588,621197.38,0.78,No renovable,2012-08-10
589,543101.98,0.72,No renovable,2012-08-11
590,480647.77,0.71,No renovable,2012-08-12
591,570122.45,0.77,No renovable,2012-08-13
592,537437.6,0.7,No renovable,2012-08-14
593,443904.38,0.62,No renovable,2012-08-15
594,566699.83,0.75,No renovable,2012-08-16
595,568739.62,0.72,No renovable,2012-08-17
596,535215.48,0.75,No renovable,2012-08-18
597,496648.72,0.74,No renovable,2012-08-19
598,645382.5,0.79,No renovable,2012-08-20
599,690906.24,0.81,No renovable,2012-08-21
600,665663.85,0.77,No renovable,2012-08-22
601,662321.2,0.77,No renovable,2012-08-23
602,617033.5,0.72,No renovable,2012-08-24
603,526081.49,0.71,No renovable,2012-08-25
604,513908.46,0.77,No renovable,2012-08-26
605,603591.11,0.75,No renovable,2012-08-27
606,674459.56,0.81,No renovable,2012-08-28
607,667658.65,0.8,No renovable,2012-08-29
608,562752.0,0.69,No renovable,2012-08-30
609,469169.23,0.6,No renovable,2012-08-31
610,422792.73,0.58,No renovable,2012-09-01
611,401961.06,0.59,No renovable,2012-09-02
612,485608.48,0.61,No renovable,2012-09-03
613,511679.01,0.64,No renovable,2012-09-04
614,546283.4,0.67,No renovable,2012-09-05
615,602328.37,0.74,No renovable,2012-09-06
616,635056.15,0.8,No renovable,2012-09-07
617,579172.12,0.83,No renovable,2012-09-08
618,509325.67,0.81,No renovable,2012-09-09
619,627618.9,0.81,No renovable,2012-09-10
620,649873.77,0.83,No renovable,2012-09-11
621,611787.4,0.75,No renovable,2012-09-12
622,533563.58,0.65,No renovable,2012-09-13
623,548714.08,0.69,No renovable,2012-09-14
624,530290.16,0.75,No renovable,2012-09-15
625,521186.8,0.82,No renovable,2012-09-16
626,658305.38,0.85,No renovable,2012-09-17
627,657729.69,0.83,No renovable,2012-09-18
628,567194.22,0.69,No renovable,2012-09-19
629,610797.83,0.77,No renovable,2012-09-20
630,617292.12,0.77,No renovable,2012-09-21
631,536231.08,0.77,No renovable,2012-09-22
632,372366.15,0.54,No renovable,2012-09-23
633,464999.58,0.58,No renovable,2012-09-24
634,455436.47,0.58,No renovable,2012-09-25
635,536526.43,0.7,No renovable,2012-09-26
636,608058.32,0.82,No renovable,2012-09-27
637,545182.69,0.72,No renovable,2012-09-28
638,422946.73,0.61,No renovable,2012-09-29
639,423289.66,0.68,No renovable,2012-09-30
640,603287.83,0.83,No renovable,2012-10-01
641,642664.36,0.85,No renovable,2012-10-02
642,645650.68,0.83,No renovable,2012-10-03
643,645590.74,0.83,No renovable,2012-10-04
644,621010.02,0.81,No renovable,2012-10-05
645,521246.34,0.75,No renovable,2012-10-06
646,511664.88,0.78,No renovable,2012-10-07
647,605451.79,0.77,No renovable,2012-10-08
648,642663.74,0.81,No renovable,2012-10-09
649,659749.6,0.83,No renovable,2012-10-10
650,586721.93,0.74,No renovable,2012-10-11
651,506355.36,0.75,No renovable,2012-10-12
652,508483.38,0.79,No renovable,2012-10-13
653,425375.32,0.64,No renovable,2012-10-14
654,525993.54,0.69,No renovable,2012-10-15
655,520346.35,0.68,No renovable,2012-10-16
656,508258.75,0.64,No renovable,2012-10-17
657,542441.51,0.68,No renovable,2012-10-18
658,604186.4,0.78,No renovable,2012-10-19
659,538899.08,0.8,No renovable,2012-10-20
660,451277.6,0.71,No renovable,2012-10-21
661,602511.29,0.82,No renovable,2012-10-22
662,583585.45,0.79,No renovable,2012-10-23
663,552079.57,0.74,No renovable,2012-10-24
664,545491.24,0.75,No renovable,2012-10-25
665,544582.61,0.75,No renovable,2012-10-26
666,354252.16,0.5,No renovable,2012-10-27
667,389506.05,0.58,No renovable,2012-10-28
668,534100.24,0.74,No renovable,2012-10-29
669,585936.95,0.77,No renovable,2012-10-30
670,506018.15,0.65,No renovable,2012-10-31
671,353747.08,0.49,No renovable,2012-11-01
672,410522.7,0.56,No renovable,2012-11-02
673,399311.91,0.61,No renovable,2012-11-03
674,380471.41,0.6,No renovable,2012-11-04
675,517911.48,0.67,No renovable,2012-11-05
676,537123.48,0.69,No renovable,2012-11-06
677,511897.08,0.63,No renovable,2012-11-07
678,557923.89,0.7,No renovable,2012-11-08
679,565011.92,0.74,No renovable,2012-11-09
680,437601.21,0.63,No renovable,2012-11-10
681,369413.33,0.55,No renovable,2012-11-11
682,496132.76,0.63,No renovable,2012-11-12
683,573422.24,0.73,No renovable,2012-11-13
684,512608.73,0.71,No renovable,2012-11-14
685,502832.52,0.68,No renovable,2012-11-15
686,528505.25,0.7,No renovable,2012-11-16
687,478101.11,0.72,No renovable,2012-11-17
688,456799.79,0.72,No renovable,2012-11-18
689,583023.74,0.76,No renovable,2012-11-19
690,577740.12,0.73,No renovable,2012-11-20
691,596467.51,0.75,No renovable,2012-11-21
692,627289.44,0.78,No renovable,2012-11-22
693,552379.82,0.7,No renovable,2012-11-23
694,448838.13,0.64,No renovable,2012-11-24
695,466015.76,0.75,No renovable,2012-11-25
696,565456.14,0.73,No renovable,2012-11-26
697,519035.43,0.64,No renovable,2012-11-27
698,466054.04,0.54,No renovable,2012-11-28
699,493873.34,0.57,No renovable,2012-11-29
700,570402.2,0.68,No renovable,2012-11-30
701,477148.28,0.63,No renovable,2012-12-01
702,483345.32,0.66,No renovable,2012-12-02
703,579050.9,0.68,No renovable,2012-12-03
704,537910.69,0.61,No renovable,2012-12-04
705,549499.12,0.62,No renovable,2012-12-05
706,544524.43,0.71,No renovable,2012-12-06
707,583932.81,0.7,No renovable,2012-12-07
708,466537.45,0.6,No renovable,2012-12-08
709,534811.28,0.75,No renovable,2012-12-09
710,661269.81,0.76,No renovable,2012-12-10
711,706283.2,0.79,No renovable,2012-12-11
712,724195.29,0.8,No renovable,2012-12-12
713,604673.26,0.67,No renovable,2012-12-13
714,471078.8,0.53,No renovable,2012-12-14
715,377547.83,0.48,No renovable,2012-12-15
716,367862.96,0.5,No renovable,2012-12-16
717,513917.91,0.61,No renovable,2012-12-17
718,571109.3,0.68,No renovable,2012-12-18
719,575820.13,0.69,No renovable,2012-12-19
720,437750.75,0.53,No renovable,2012-12-20
721,407670.34,0.51,No renovable,2012-12-21
722,395737.88,0.57,No renovable,2012-12-22
723,385261.85,0.6,No renovable,2012-12-23
724,364188.42,0.54,No renovable,2012-12-24
725,342560.76,0.56,No renovable,2012-12-25
726,386228.57,0.56,No renovable,2012-12-26
727,410265.13,0.56,No renovable,2012-12-27
728,430654.67,0.61,No renovable,2012-12-28
729,364198.56,0.53,No renovable,2012-12-29
730,393259.82,0.6,No renovable,2012-12-30
731,388861.19,0.57,No renovable,2012-12-31
732,250310.9,0.41,Renovable,2013-01-01
733,319635.65,0.43,Renovable,2013-01-02
734,245732.13,0.32,Renovable,2013-01-03
735,205066.84,0.27,Renovable,2013-01-04
736,226343.66,0.33,Renovable,2013-01-05
737,176400.96,0.28,Renovable,2013-01-06
738,169463.33,0.23,Renovable,2013-01-07
739,190012.14,0.23,Renovable,2013-01-08
740,251696.01,0.3,Renovable,2013-01-09
741,277468.41,0.33,Renovable,2013-01-10
742,221504.08,0.27,Renovable,2013-01-11
743,289524.17,0.39,Renovable,2013-01-12
744,352084.63,0.47,Renovable,2013-01-13
745,336144.73,0.4,Renovable,2013-01-14
746,378286.05,0.43,Renovable,2013-01-15
747,443322.12,0.49,Renovable,2013-01-16
748,418395.18,0.48,Renovable,2013-01-17
749,432984.23,0.5,Renovable,2013-01-18
750,404694.85,0.52,Renovable,2013-01-19
751,424420.5,0.55,Renovable,2013-01-20
752,430458.62,0.5,Renovable,2013-01-21
753,417742.52,0.47,Renovable,2013-01-22
754,487940.45,0.54,Renovable,2013-01-23
755,446099.51,0.51,Renovable,2013-01-24
756,337997.46,0.4,Renovable,2013-01-25
757,418446.6,0.54,Renovable,2013-01-26
758,389775.08,0.53,Renovable,2013-01-27
759,401872.47,0.48,Renovable,2013-01-28
760,319020.65,0.4,Renovable,2013-01-29
761,337791.91,0.42,Renovable,2013-01-30
762,308231.16,0.38,Renovable,2013-01-31
763,442431.4,0.53,Renovable,2013-02-01
764,483269.08,0.59,Renovable,2013-02-02
765,392787.14,0.52,Renovable,2013-02-03
766,327456.47,0.41,Renovable,2013-02-04
767,369867.13,0.46,Renovable,2013-02-05
768,505048.14,0.57,Renovable,2013-02-06
769,441835.48,0.51,Renovable,2013-02-07
770,453424.42,0.53,Renovable,2013-02-08
771,384364.01,0.5,Renovable,2013-02-09
772,422596.76,0.55,Renovable,2013-02-10
773,459541.31,0.53,Renovable,2013-02-11
774,427792.89,0.49,Renovable,2013-02-12
775,379458.77,0.44,Renovable,2013-02-13
776,290433.18,0.35,Renovable,2013-02-14
777,258692.7,0.33,Renovable,2013-02-15
778,193288.72,0.28,Renovable,2013-02-16
779,225049.33,0.34,Renovable,2013-02-17
780,234906.28,0.3,Renovable,2013-02-18
781,278884.91,0.34,Renovable,2013-02-19
782,217850.93,0.28,Renovable,2013-02-20
783,330435.26,0.4,Renovable,2013-02-21
784,364888.38,0.44,Renovable,2013-02-22
785,446429.19,0.56,Renovable,2013-02-23
786,375809.81,0.52,Renovable,2013-02-24
787,362203.37,0.41,Renovable,2013-02-25
788,280535.53,0.32,Renovable,2013-02-26
789,336800.77,0.37,Renovable,2013-02-27
790,350323.97,0.4,Renovable,2013-02-28
791,356599.89,0.41,Renovable,2013-03-01
792,278463.97,0.38,Renovable,2013-03-02
793,262211.29,0.39,Renovable,2013-03-03
794,422451.53,0.5,Renovable,2013-03-04
795,321369.01,0.4,Renovable,2013-03-05
796,357332.44,0.45,Renovable,2013-03-06
797,447301.79,0.54,Renovable,2013-03-07
798,428276.87,0.52,Renovable,2013-03-08
799,395512.85,0.53,Renovable,2013-03-09
800,373738.02,0.54,Renovable,2013-03-10
801,452090.82,0.55,Renovable,2013-03-11
802,391959.96,0.48,Renovable,2013-03-12
803,476846.29,0.55,Renovable,2013-03-13
804,464447.33,0.53,Renovable,2013-03-14
805,355380.72,0.43,Renovable,2013-03-15
806,367815.7,0.49,Renovable,2013-03-16
807,319647.63,0.46,Renovable,2013-03-17
808,437042.84,0.53,Renovable,2013-03-18
809,286535.56,0.37,Renovable,2013-03-19
810,353163.05,0.44,Renovable,2013-03-20
811,378689.68,0.48,Renovable,2013-03-21
812,401338.37,0.5,Renovable,2013-03-22
813,297736.85,0.43,Renovable,2013-03-23
814,342963.26,0.5,Renovable,2013-03-24
815,436087.06,0.55,Renovable,2013-03-25
816,375699.9,0.48,Renovable,2013-03-26
817,358429.19,0.48,Renovable,2013-03-27
818,356571.84,0.5,Renovable,2013-03-28
819,278670.17,0.45,Renovable,2013-03-29
820,364095.75,0.55,Renovable,2013-03-30
821,305736.52,0.51,Renovable,2013-03-31
822,355724.46,0.52,Renovable,2013-04-01
823,407759.55,0.53,Renovable,2013-04-02
824,365964.11,0.47,Renovable,2013-04-03
825,390439.28,0.49,Renovable,2013-04-04
826,428143.24,0.53,Renovable,2013-04-05
827,439730.05,0.59,Renovable,2013-04-06
828,371671.21,0.54,Renovable,2013-04-07
829,441531.01,0.56,Renovable,2013-04-08
830,453514.69,0.57,Renovable,2013-04-09
831,446008.27,0.57,Renovable,2013-04-10
832,443678.93,0.58,Renovable,2013-04-11
833,409835.6,0.54,Renovable,2013-04-12
834,377343.01,0.55,Renovable,2013-04-13
835,336158.37,0.53,Renovable,2013-04-14
836,321089.31,0.45,Renovable,2013-04-15
837,296069.06,0.41,Renovable,2013-04-16
838,340550.01,0.47,Renovable,2013-04-17
839,354997.68,0.49,Renovable,2013-04-18
840,447894.11,0.58,Renovable,2013-04-19
841,389432.16,0.56,Renovable,2013-04-20
842,333595.3,0.51,Renovable,2013-04-21
843,369237.89,0.51,Renovable,2013-04-22
844,341701.67,0.48,Renovable,2013-04-23
845,327488.98,0.46,Renovable,2013-04-24
846,306839.47,0.44,Renovable,2013-04-25
847,321696.49,0.46,Renovable,2013-04-26
848,365698.26,0.53,Renovable,2013-04-27
849,369793.59,0.54,Renovable,2013-04-28
850,402956.11,0.52,Renovable,2013-04-29
851,313203.54,0.43,Renovable,2013-04-30
852,243533.79,0.42,Renovable,2013-05-01
853,299301.61,0.44,Renovable,2013-05-02
854,317529.29,0.45,Renovable,2013-05-03
855,257896.55,0.42,Renovable,2013-05-04
856,229409.39,0.4,Renovable,2013-05-05
857,265265.4,0.39,Renovable,2013-05-06
858,330598.8,0.46,Renovable,2013-05-07
859,251452.26,0.35,Renovable,2013-05-08
860,272988.68,0.38,Renovable,2013-05-09
861,285934.37,0.4,Renovable,2013-05-10
862,276177.0,0.44,Renovable,2013-05-11
863,314927.77,0.51,Renovable,2013-05-12
864,291399.13,0.42,Renovable,2013-05-13
865,277439.08,0.39,Renovable,2013-05-14
866,327784.0,0.46,Renovable,2013-05-15
867,328495.07,0.47,Renovable,2013-05-16
868,318127.0,0.46,Renovable,2013-05-17
869,356039.86,0.54,Renovable,2013-05-18
870,280787.97,0.47,Renovable,2013-05-19
871,239231.45,0.35,Renovable,2013-05-20
872,284234.74,0.39,Renovable,2013-05-21
873,378174.83,0.5,Renovable,2013-05-22
874,404553.54,0.53,Renovable,2013-05-23
875,360922.84,0.48,Renovable,2013-05-24
876,320225.37,0.49,Renovable,2013-05-25
877,246072.79,0.42,Renovable,2013-05-26
878,266041.11,0.4,Renovable,2013-05-27
879,344642.51,0.48,Renovable,2013-05-28
880,386522.33,0.53,Renovable,2013-05-29
881,388012.29,0.56,Renovable,2013-05-30
882,419309.22,0.58,Renovable,2013-05-31
883,382451.89,0.57,Renovable,2013-06-01
884,365777.19,0.56,Renovable,2013-06-02
885,360291.88,0.51,Renovable,2013-06-03
886,277490.66,0.39,Renovable,2013-06-04
887,248319.48,0.35,Renovable,2013-06-05
888,253193.07,0.35,Renovable,2013-06-06
889,254578.96,0.36,Renovable,2013-06-07
890,258234.46,0.41,Renovable,2013-06-08
891,306708.35,0.49,Renovable,2013-06-09
892,286633.41,0.41,Renovable,2013-06-10
893,295221.77,0.4,Renovable,2013-06-11
894,262165.42,0.35,Renovable,2013-06-12
895,264515.66,0.35,Renovable,2013-06-13
896,279167.37,0.37,Renovable,2013-06-14
897,245384.0,0.37,Renovable,2013-06-15
898,298588.09,0.47,Renovable,2013-06-16
899,329769.86,0.47,Renovable,2013-06-17
900,287903.56,0.4,Renovable,2013-06-18
901,262291.71,0.37,Renovable,2013-06-19
902,228567.49,0.32,Renovable,2013-06-20
903,225258.05,0.32,Renovable,2013-06-21
904,252035.44,0.39,Renovable,2013-06-22
905,327507.88,0.5,Renovable,2013-06-23
906,366129.44,0.5,Renovable,2013-06-24
907,364901.37,0.49,Renovable,2013-06-25
908,371471.82,0.49,Renovable,2013-06-26
909,384963.68,0.5,Renovable,2013-06-27
910,364888.38,0.48,Renovable,2013-06-28
911,338492.21,0.49,Renovable,2013-06-29
912,295065.39,0.45,Renovable,2013-06-30
913,286422.59,0.39,Renovable,2013-07-01
914,242907.62,0.32,Renovable,2013-07-02
915,244476.08,0.31,Renovable,2013-07-03
916,296519.47,0.36,Renovable,2013-07-04
917,293170.51,0.36,Renovable,2013-07-05
918,271661.99,0.37,Renovable,2013-07-06
919,273892.5,0.39,Renovable,2013-07-07
920,298021.39,0.37,Renovable,2013-07-08
921,304231.57,0.36,Renovable,2013-07-09
922,285167.26,0.34,Renovable,2013-07-10
923,259431.62,0.31,Renovable,2013-07-11
924,232117.32,0.28,Renovable,2013-07-12
925,221450.67,0.3,Renovable,2013-07-13
926,223054.01,0.33,Renovable,2013-07-14
927,241921.22,0.3,Renovable,2013-07-15
928,243712.59,0.29,Renovable,2013-07-16
929,255744.0,0.3,Renovable,2013-07-17
930,255454.7,0.3,Renovable,2013-07-18
931,236429.9,0.29,Renovable,2013-07-19
932,211719.57,0.28,Renovable,2013-07-20
933,205889.33,0.3,Renovable,2013-07-21
934,218049.54,0.27,Renovable,2013-07-22
935,214943.9,0.26,Renovable,2013-07-23
936,211965.33,0.25,Renovable,2013-07-24
937,232358.03,0.28,Renovable,2013-07-25
938,250963.7,0.3,Renovable,2013-07-26
939,270691.5,0.38,Renovable,2013-07-27
940,267265.35,0.4,Renovable,2013-07-28
941,245089.95,0.32,Renovable,2013-07-29
942,211218.36,0.27,Renovable,2013-07-30
943,255575.77,0.32,Renovable,2013-07-31
944,325791.59,0.4,Renovable,2013-08-01
945,334472.27,0.42,Renovable,2013-08-02
946,220710.98,0.32,Renovable,2013-08-03
947,184205.77,0.29,Renovable,2013-08-04
948,220098.8,0.29,Renovable,2013-08-05
949,216490.86,0.28,Renovable,2013-08-06
950,249643.97,0.33,Renovable,2013-08-07
951,256060.38,0.34,Renovable,2013-08-08
952,266034.61,0.36,Renovable,2013-08-09
953,274287.22,0.4,Renovable,2013-08-10
954,233999.61,0.36,Renovable,2013-08-11
955,280334.18,0.37,Renovable,2013-08-12
956,290767.6,0.38,Renovable,2013-08-13
957,279179.27,0.37,Renovable,2013-08-14
958,206963.63,0.31,Renovable,2013-08-15
959,220272.24,0.31,Renovable,2013-08-16
960,192596.08,0.29,Renovable,2013-08-17
961,182526.59,0.29,Renovable,2013-08-18
962,275372.6,0.36,Renovable,2013-08-19
963,263536.94,0.33,Renovable,2013-08-20
964,205763.82,0.26,Renovable,2013-08-21
965,199850.39,0.26,Renovable,2013-08-22
966,190603.1,0.25,Renovable,2013-08-23
967,279373.69,0.39,Renovable,2013-08-24
968,240734.64,0.38,Renovable,2013-08-25
969,263045.28,0.35,Renovable,2013-08-26
970,252136.98,0.33,Renovable,2013-08-27
971,255918.81,0.33,Renovable,2013-08-28
972,234214.5,0.31,Renovable,2013-08-29
973,218616.62,0.29,Renovable,2013-08-30
974,259711.58,0.38,Renovable,2013-08-31
975,283777.8,0.45,Renovable,2013-09-01
976,236117.34,0.31,Renovable,2013-09-02
977,219666.55,0.28,Renovable,2013-09-03
978,241738.62,0.3,Renovable,2013-09-04
979,229667.91,0.29,Renovable,2013-09-05
980,186998.94,0.24,Renovable,2013-09-06
981,180671.51,0.27,Renovable,2013-09-07
982,150430.86,0.25,Renovable,2013-09-08
983,166449.85,0.23,Renovable,2013-09-09
984,234492.96,0.3,Renovable,2013-09-10
985,306661.68,0.4,Renovable,2013-09-11
986,268655.21,0.34,Renovable,2013-09-12
987,223446.67,0.29,Renovable,2013-09-13
988,174053.54,0.26,Renovable,2013-09-14
989,213520.71,0.33,Renovable,2013-09-15
990,204677.15,0.27,Renovable,2013-09-16
991,244798.86,0.31,Renovable,2013-09-17
992,212516.38,0.27,Renovable,2013-09-18
993,253692.39,0.32,Renovable,2013-09-19
994,239959.34,0.31,Renovable,2013-09-20
995,196011.4,0.29,Renovable,2013-09-21
996,168512.65,0.27,Renovable,2013-09-22
997,196465.5,0.26,Renovable,2013-09-23
998,184869.05,0.25,Renovable,2013-09-24
999,200998.36,0.27,Renovable,2013-09-25
1000,226226.21,0.3,Renovable,2013-09-26
1001,234951.59,0.32,Renovable,2013-09-27
1002,279572.81,0.43,Renovable,2013-09-28
1003,294524.46,0.47,Renovable,2013-09-29
1004,261729.75,0.36,Renovable,2013-09-30
1005,260587.92,0.34,Renovable,2013-10-01
1006,190336.26,0.26,Renovable,2013-10-02
1007,283609.17,0.36,Renovable,2013-10-03
1008,185960.01,0.25,Renovable,2013-10-04
1009,164190.87,0.25,Renovable,2013-10-05
1010,188209.02,0.3,Renovable,2013-10-06
1011,168463.33,0.23,Renovable,2013-10-07
1012,187461.42,0.25,Renovable,2013-10-08
1013,243792.9,0.32,Renovable,2013-10-09
1014,234623.22,0.3,Renovable,2013-10-10
1015,220427.06,0.29,Renovable,2013-10-11
1016,148844.78,0.23,Renovable,2013-10-12
1017,140757.15,0.24,Renovable,2013-10-13
1018,155795.39,0.22,Renovable,2013-10-14
1019,268634.06,0.35,Renovable,2013-10-15
1020,246001.1,0.32,Renovable,2013-10-16
1021,155390.89,0.21,Renovable,2013-10-17
1022,248061.14,0.34,Renovable,2013-10-18
1023,264698.25,0.41,Renovable,2013-10-19
1024,215912.17,0.36,Renovable,2013-10-20
1025,259109.14,0.37,Renovable,2013-10-21
1026,347066.41,0.47,Renovable,2013-10-22
1027,262363.58,0.37,Renovable,2013-10-23
1028,303267.01,0.43,Renovable,2013-10-24
1029,290609.13,0.4,Renovable,2013-10-25
1030,241443.41,0.38,Renovable,2013-10-26
1031,272418.02,0.44,Renovable,2013-10-27
1032,281149.93,0.4,Renovable,2013-10-28
1033,283573.86,0.39,Renovable,2013-10-29
1034,261048.65,0.35,Renovable,2013-10-30
1035,222512.5,0.31,Renovable,2013-10-31
1036,244142.49,0.38,Renovable,2013-11-01
1037,265869.79,0.42,Renovable,2013-11-02
1038,236056.15,0.4,Renovable,2013-11-03
1039,401126.92,0.54,Renovable,2013-11-04
1040,420177.88,0.55,Renovable,2013-11-05
1041,280316.27,0.37,Renovable,2013-11-06
1042,267352.41,0.36,Renovable,2013-11-07
1043,315398.13,0.43,Renovable,2013-11-08
1044,318208.43,0.48,Renovable,2013-11-09
1045,332804.59,0.51,Renovable,2013-11-10
1046,352308.39,0.48,Renovable,2013-11-11
1047,310023.67,0.41,Renovable,2013-11-12
1048,357260.39,0.48,Renovable,2013-11-13
1049,394764.24,0.52,Renovable,2013-11-14
1050,406097.48,0.52,Renovable,2013-11-15
1051,324112.52,0.47,Renovable,2013-11-16
1052,280882.58,0.42,Renovable,2013-11-17
1053,368079.32,0.46,Renovable,2013-11-18
1054,418701.44,0.5,Renovable,2013-11-19
1055,352667.49,0.42,Renovable,2013-11-20
1056,413620.14,0.47,Renovable,2013-11-21
1057,376851.08,0.44,Renovable,2013-11-22
1058,383655.81,0.51,Renovable,2013-11-23
1059,395825.29,0.55,Renovable,2013-11-24
1060,417515.33,0.5,Renovable,2013-11-25
1061,407409.14,0.48,Renovable,2013-11-26
1062,370838.82,0.43,Renovable,2013-11-27
1063,295541.03,0.34,Renovable,2013-11-28
1064,320521.73,0.37,Renovable,2013-11-29
1065,363220.91,0.45,Renovable,2013-11-30
1066,356069.38,0.48,Renovable,2013-12-01
1067,308386.16,0.37,Renovable,2013-12-02
1068,238763.65,0.29,Renovable,2013-12-03
1069,231676.45,0.28,Renovable,2013-12-04
1070,280626.23,0.33,Renovable,2013-12-05
1071,278873.15,0.37,Renovable,2013-12-06
1072,172094.24,0.24,Renovable,2013-12-07
1073,134318.37,0.2,Renovable,2013-12-08
1074,189992.43,0.24,Renovable,2013-12-09
1075,226581.44,0.28,Renovable,2013-12-10
1076,280234.69,0.33,Renovable,2013-12-11
1077,197045.05,0.23,Renovable,2013-12-12
1078,214795.66,0.26,Renovable,2013-12-13
1079,213963.21,0.28,Renovable,2013-12-14
1080,204793.26,0.28,Renovable,2013-12-15
1081,284040.86,0.34,Renovable,2013-12-16
1082,189860.19,0.23,Renovable,2013-12-17
1083,244296.92,0.3,Renovable,2013-12-18
1084,316850.76,0.39,Renovable,2013-12-19
1085,334817.3,0.4,Renovable,2013-12-20
1086,214719.94,0.29,Renovable,2013-12-21
1087,195592.56,0.28,Renovable,2013-12-22
1088,263466.51,0.35,Renovable,2013-12-23
1089,360085.09,0.5,Renovable,2013-12-24
1090,394317.83,0.58,Renovable,2013-12-25
1091,432249.35,0.56,Renovable,2013-12-26
1092,395052.17,0.53,Renovable,2013-12-27
1093,392403.68,0.55,Renovable,2013-12-28
1094,296395.77,0.46,Renovable,2013-12-29
1095,280611.37,0.4,Renovable,2013-12-30
1096,336106.52,0.47,Renovable,2013-12-31
1097,361783.84,0.59,No renovable,2013-01-01
1098,424205.64,0.57,No renovable,2013-01-02
1099,512724.4,0.68,No renovable,2013-01-03
1100,546563.11,0.73,No renovable,2013-01-04
1101,469639.96,0.67,No renovable,2013-01-05
1102,464198.57,0.72,No renovable,2013-01-06
1103,573051.86,0.77,No renovable,2013-01-07
1104,624587.98,0.77,No renovable,2013-01-08
1105,583339.24,0.7,No renovable,2013-01-09
1106,564166.62,0.67,No renovable,2013-01-10
1107,594314.96,0.73,No renovable,2013-01-11
1108,455726.05,0.61,No renovable,2013-01-12
1109,394887.15,0.53,No renovable,2013-01-13
1110,508593.86,0.6,No renovable,2013-01-14
1111,499027.23,0.57,No renovable,2013-01-15
1112,457447.53,0.51,No renovable,2013-01-16
1113,462148.89,0.52,No renovable,2013-01-17
1114,428257.04,0.5,No renovable,2013-01-18
1115,376977.18,0.48,No renovable,2013-01-19
1116,343818.7,0.45,No renovable,2013-01-20
1117,431940.31,0.5,No renovable,2013-01-21
1118,470008.3,0.53,No renovable,2013-01-22
1119,413548.09,0.46,No renovable,2013-01-23
1120,427326.34,0.49,No renovable,2013-01-24
1121,498024.22,0.6,No renovable,2013-01-25
1122,362973.68,0.46,No renovable,2013-01-26
1123,342779.28,0.47,No renovable,2013-01-27
1124,439788.54,0.52,No renovable,2013-01-28
1125,488069.01,0.6,No renovable,2013-01-29
1126,474505.03,0.58,No renovable,2013-01-30
1127,494354.25,0.62,No renovable,2013-01-31
1128,393566.96,0.47,No renovable,2013-02-01
1129,329561.28,0.41,No renovable,2013-02-02
1130,355500.83,0.48,No renovable,2013-02-03
1131,472295.43,0.59,No renovable,2013-02-04
1132,438025.04,0.54,No renovable,2013-02-05
1133,378556.59,0.43,No renovable,2013-02-06
1134,425145.77,0.49,No renovable,2013-02-07
1135,403743.36,0.47,No renovable,2013-02-08
1136,390708.17,0.5,No renovable,2013-02-09
1137,340936.6,0.45,No renovable,2013-02-10
1138,403475.15,0.47,No renovable,2013-02-11
1139,439582.01,0.51,No renovable,2013-02-12
1140,480670.11,0.56,No renovable,2013-02-13
1141,529415.37,0.65,No renovable,2013-02-14
1142,528599.3,0.67,No renovable,2013-02-15
1143,504834.45,0.72,No renovable,2013-02-16
1144,443525.04,0.66,No renovable,2013-02-17
1145,541402.61,0.7,No renovable,2013-02-18
1146,539042.52,0.66,No renovable,2013-02-19
1147,571293.31,0.72,No renovable,2013-02-20
1148,501968.64,0.6,No renovable,2013-02-21
1149,473895.78,0.56,No renovable,2013-02-22
1150,350834.4,0.44,No renovable,2013-02-23
1151,350950.96,0.48,No renovable,2013-02-24
1152,510938.33,0.59,No renovable,2013-02-25
1153,604579.75,0.68,No renovable,2013-02-26
1154,576309.42,0.63,No renovable,2013-02-27
1155,524189.33,0.6,No renovable,2013-02-28
1156,520537.18,0.59,No renovable,2013-03-01
1157,461342.89,0.62,No renovable,2013-03-02
1158,417654.45,0.61,No renovable,2013-03-03
1159,414164.67,0.5,No renovable,2013-03-04
1160,489709.94,0.6,No renovable,2013-03-05
1161,437924.42,0.55,No renovable,2013-03-06
1162,386775.71,0.46,No renovable,2013-03-07
1163,393004.6,0.48,No renovable,2013-03-08
1164,350085.1,0.47,No renovable,2013-03-09
1165,322149.95,0.46,No renovable,2013-03-10
1166,370371.58,0.45,No renovable,2013-03-11
1167,420995.98,0.52,No renovable,2013-03-12
1168,393928.66,0.45,No renovable,2013-03-13
1169,417054.16,0.47,No renovable,2013-03-14
1170,465583.26,0.57,No renovable,2013-03-15
1171,384196.04,0.51,No renovable,2013-03-16
1172,370763.01,0.54,No renovable,2013-03-17
1173,393442.5,0.47,No renovable,2013-03-18
1174,490458.09,0.63,No renovable,2013-03-19
1175,450389.33,0.56,No renovable,2013-03-20
1176,406634.35,0.52,No renovable,2013-03-21
1177,399067.9,0.5,No renovable,2013-03-22
1178,390576.96,0.57,No renovable,2013-03-23
1179,344615.57,0.5,No renovable,2013-03-24
1180,361887.21,0.45,No renovable,2013-03-25
1181,402004.15,0.52,No renovable,2013-03-26
1182,395771.55,0.52,No renovable,2013-03-27
1183,354253.82,0.5,No renovable,2013-03-28
1184,345508.33,0.55,No renovable,2013-03-29
1185,299582.58,0.45,No renovable,2013-03-30
1186,289348.32,0.49,No renovable,2013-03-31
1187,324949.19,0.48,No renovable,2013-04-01
1188,356784.5,0.47,No renovable,2013-04-02
1189,410530.33,0.53,No renovable,2013-04-03
1190,409815.48,0.51,No renovable,2013-04-04
1191,373088.78,0.47,No renovable,2013-04-05
1192,307498.97,0.41,No renovable,2013-04-06
1193,312861.37,0.46,No renovable,2013-04-07
1194,340314.15,0.44,No renovable,2013-04-08
1195,341347.62,0.43,No renovable,2013-04-09
1196,340299.89,0.43,No renovable,2013-04-10
1197,326373.05,0.42,No renovable,2013-04-11
1198,347949.72,0.46,No renovable,2013-04-12
1199,311151.35,0.45,No renovable,2013-04-13
1200,295351.05,0.47,No renovable,2013-04-14
1201,398952.54,0.55,No renovable,2013-04-15
1202,419807.7,0.59,No renovable,2013-04-16
1203,385226.9,0.53,No renovable,2013-04-17
1204,367045.1,0.51,No renovable,2013-04-18
1205,321179.68,0.42,No renovable,2013-04-19
1206,307609.45,0.44,No renovable,2013-04-20
1207,316037.84,0.49,No renovable,2013-04-21
1208,349622.96,0.49,No renovable,2013-04-22
1209,365757.2,0.52,No renovable,2013-04-23
1210,383281.01,0.54,No renovable,2013-04-24
1211,388603.2,0.56,No renovable,2013-04-25
1212,374414.52,0.54,No renovable,2013-04-26
1213,325526.74,0.47,No renovable,2013-04-27
1214,312557.39,0.46,No renovable,2013-04-28
1215,366747.38,0.48,No renovable,2013-04-29
1216,412277.9,0.57,No renovable,2013-04-30
1217,338510.86,0.58,No renovable,2013-05-01
1218,378872.71,0.56,No renovable,2013-05-02
1219,380363.8,0.55,No renovable,2013-05-03
1220,360221.7,0.58,No renovable,2013-05-04
1221,342659.31,0.6,No renovable,2013-05-05
1222,408769.22,0.61,No renovable,2013-05-06
1223,392380.22,0.54,No renovable,2013-05-07
1224,469217.46,0.65,No renovable,2013-05-08
1225,454408.65,0.62,No renovable,2013-05-09
1226,435458.41,0.6,No renovable,2013-05-10
1227,347100.24,0.56,No renovable,2013-05-11
1228,307319.88,0.49,No renovable,2013-05-12
1229,397559.71,0.58,No renovable,2013-05-13
1230,427607.88,0.61,No renovable,2013-05-14
1231,381665.58,0.54,No renovable,2013-05-15
1232,369901.95,0.53,No renovable,2013-05-16
1233,368108.3,0.54,No renovable,2013-05-17
1234,303925.62,0.46,No renovable,2013-05-18
1235,320592.1,0.53,No renovable,2013-05-19
1236,449449.91,0.65,No renovable,2013-05-20
1237,441201.82,0.61,No renovable,2013-05-21
1238,379813.87,0.5,No renovable,2013-05-22
1239,363482.32,0.47,No renovable,2013-05-23
1240,387214.75,0.52,No renovable,2013-05-24
1241,333288.87,0.51,No renovable,2013-05-25
1242,333840.81,0.58,No renovable,2013-05-26
1243,406711.71,0.6,No renovable,2013-05-27
1244,376216.12,0.52,No renovable,2013-05-28
1245,336584.6,0.47,No renovable,2013-05-29
1246,311008.9,0.44,No renovable,2013-05-30
1247,301079.35,0.42,No renovable,2013-05-31
1248,285852.93,0.43,No renovable,2013-06-01
1249,290294.44,0.44,No renovable,2013-06-02
1250,350955.42,0.49,No renovable,2013-06-03
1251,435216.19,0.61,No renovable,2013-06-04
1252,464156.12,0.65,No renovable,2013-06-05
1253,461529.17,0.65,No renovable,2013-06-06
1254,450392.31,0.64,No renovable,2013-06-07
1255,376294.18,0.59,No renovable,2013-06-08
1256,319778.5,0.51,No renovable,2013-06-09
1257,410467.84,0.59,No renovable,2013-06-10
1258,446554.25,0.6,No renovable,2013-06-11
1259,482305.5,0.65,No renovable,2013-06-12
1260,492737.19,0.65,No renovable,2013-06-13
1261,472639.57,0.63,No renovable,2013-06-14
1262,412355.26,0.63,No renovable,2013-06-15
1263,334979.66,0.53,No renovable,2013-06-16
1264,374668.66,0.53,No renovable,2013-06-17
1265,424728.07,0.6,No renovable,2013-06-18
1266,452303.15,0.63,No renovable,2013-06-19
1267,479223.66,0.68,No renovable,2013-06-20
1268,471717.01,0.68,No renovable,2013-06-21
1269,387232.13,0.61,No renovable,2013-06-22
1270,323409.22,0.5,No renovable,2013-06-23
1271,360479.08,0.5,No renovable,2013-06-24
1272,385248.95,0.51,No renovable,2013-06-25
1273,383426.32,0.51,No renovable,2013-06-26
1274,385487.29,0.5,No renovable,2013-06-27
1275,388241.42,0.52,No renovable,2013-06-28
1276,349632.34,0.51,No renovable,2013-06-29
1277,357839.58,0.55,No renovable,2013-06-30
1278,455827.44,0.61,No renovable,2013-07-01
1279,505848.45,0.68,No renovable,2013-07-02
1280,531770.15,0.69,No renovable,2013-07-03
1281,521198.11,0.64,No renovable,2013-07-04
1282,520717.09,0.64,No renovable,2013-07-05
1283,462148.4,0.63,No renovable,2013-07-06
1284,420492.4,0.61,No renovable,2013-07-07
1285,508660.68,0.63,No renovable,2013-07-08
1286,529447.44,0.64,No renovable,2013-07-09
1287,552603.64,0.66,No renovable,2013-07-10
1288,564765.87,0.69,No renovable,2013-07-11
1289,595062.53,0.72,No renovable,2013-07-12
1290,524224.14,0.7,No renovable,2013-07-13
1291,456314.43,0.67,No renovable,2013-07-14
1292,567324.91,0.7,No renovable,2013-07-15
1293,597865.93,0.71,No renovable,2013-07-16
1294,593175.07,0.7,No renovable,2013-07-17
1295,584250.76,0.7,No renovable,2013-07-18
1296,592900.81,0.71,No renovable,2013-07-19
1297,531906.94,0.72,No renovable,2013-07-20
1298,481170.02,0.7,No renovable,2013-07-21
1299,581799.19,0.73,No renovable,2013-07-22
1300,616289.93,0.74,No renovable,2013-07-23
1301,621856.98,0.75,No renovable,2013-07-24
1302,607048.5,0.72,No renovable,2013-07-25
1303,579108.51,0.7,No renovable,2013-07-26
1304,449471.71,0.62,No renovable,2013-07-27
1305,397321.33,0.6,No renovable,2013-07-28
1306,523371.43,0.68,No renovable,2013-07-29
1307,569161.63,0.73,No renovable,2013-07-30
1308,535939.01,0.68,No renovable,2013-07-31
1309,491142.71,0.6,No renovable,2013-08-01
1310,469260.29,0.58,No renovable,2013-08-02
1311,463175.96,0.68,No renovable,2013-08-03
1312,449249.51,0.71,No renovable,2013-08-04
1313,532088.66,0.71,No renovable,2013-08-05
1314,559497.47,0.72,No renovable,2013-08-06
1315,514161.94,0.67,No renovable,2013-08-07
1316,493254.35,0.66,No renovable,2013-08-08
1317,479249.39,0.64,No renovable,2013-08-09
1318,409839.44,0.6,No renovable,2013-08-10
1319,410382.55,0.64,No renovable,2013-08-11
1320,469958.03,0.63,No renovable,2013-08-12
1321,474330.31,0.62,No renovable,2013-08-13
1322,480519.63,0.63,No renovable,2013-08-14
1323,466376.98,0.69,No renovable,2013-08-15
1324,488049.46,0.69,No renovable,2013-08-16
1325,472866.24,0.71,No renovable,2013-08-17
1326,454661.06,0.71,No renovable,2013-08-18
1327,500180.51,0.64,No renovable,2013-08-19
1328,536836.79,0.67,No renovable,2013-08-20
1329,586329.15,0.74,No renovable,2013-08-21
1330,582982.53,0.74,No renovable,2013-08-22
1331,570368.98,0.75,No renovable,2013-08-23
1332,433940.92,0.61,No renovable,2013-08-24
1333,399626.19,0.62,No renovable,2013-08-25
1334,491365.46,0.65,No renovable,2013-08-26
1335,515560.12,0.67,No renovable,2013-08-27
1336,518654.55,0.67,No renovable,2013-08-28
1337,525745.44,0.69,No renovable,2013-08-29
1338,535410.2,0.71,No renovable,2013-08-30
1339,428661.74,0.62,No renovable,2013-08-31
1340,353740.57,0.55,No renovable,2013-09-01
1341,520719.45,0.69,No renovable,2013-09-02
1342,572975.99,0.72,No renovable,2013-09-03
1343,574743.26,0.7,No renovable,2013-09-04
1344,571703.66,0.71,No renovable,2013-09-05
1345,590997.23,0.76,No renovable,2013-09-06
1346,489466.17,0.73,No renovable,2013-09-07
1347,453772.96,0.75,No renovable,2013-09-08
1348,561598.31,0.77,No renovable,2013-09-09
1349,548853.38,0.7,No renovable,2013-09-10
1350,467515.36,0.6,No renovable,2013-09-11
1351,511970.15,0.66,No renovable,2013-09-12
1352,555231.74,0.71,No renovable,2013-09-13
1353,502712.81,0.74,No renovable,2013-09-14
1354,441567.54,0.67,No renovable,2013-09-15
1355,546172.88,0.73,No renovable,2013-09-16
1356,541391.18,0.69,No renovable,2013-09-17
1357,567006.2,0.73,No renovable,2013-09-18
1358,543010.88,0.68,No renovable,2013-09-19
1359,535220.23,0.69,No renovable,2013-09-20
1360,486972.08,0.71,No renovable,2013-09-21
1361,458746.85,0.73,No renovable,2013-09-22
1362,544986.62,0.74,No renovable,2013-09-23
1363,560812.63,0.75,No renovable,2013-09-24
1364,545923.77,0.73,No renovable,2013-09-25
1365,516291.25,0.7,No renovable,2013-09-26
1366,506864.12,0.68,No renovable,2013-09-27
1367,376683.95,0.57,No renovable,2013-09-28
1368,338253.08,0.53,No renovable,2013-09-29
1369,462364.06,0.64,No renovable,2013-09-30
1370,496639.4,0.66,No renovable,2013-10-01
1371,543503.14,0.74,No renovable,2013-10-02
1372,501338.39,0.64,No renovable,2013-10-03
1373,569213.77,0.75,No renovable,2013-10-04
1374,504004.66,0.75,No renovable,2013-10-05
1375,438333.58,0.7,No renovable,2013-10-06
1376,551218.12,0.77,No renovable,2013-10-07
1377,559917.37,0.75,No renovable,2013-10-08
1378,509441.86,0.68,No renovable,2013-10-09
1379,536907.01,0.7,No renovable,2013-10-10
1380,541469.38,0.71,No renovable,2013-10-11
1381,486262.13,0.77,No renovable,2013-10-12
1382,453947.38,0.76,No renovable,2013-10-13
1383,549637.1,0.78,No renovable,2013-10-14
1384,491351.63,0.65,No renovable,2013-10-15
1385,525319.02,0.68,No renovable,2013-10-16
1386,576835.0,0.79,No renovable,2013-10-17
1387,486647.95,0.66,No renovable,2013-10-18
1388,383274.59,0.59,No renovable,2013-10-19
1389,378912.71,0.64,No renovable,2013-10-20
1390,435954.64,0.63,No renovable,2013-10-21
1391,393233.04,0.53,No renovable,2013-10-22
1392,456027.38,0.63,No renovable,2013-10-23
1393,409169.04,0.57,No renovable,2013-10-24
1394,429592.17,0.6,No renovable,2013-10-25
1395,390694.87,0.62,No renovable,2013-10-26
1396,349117.7,0.56,No renovable,2013-10-27
1397,422537.76,0.6,No renovable,2013-10-28
1398,438260.31,0.61,No renovable,2013-10-29
1399,478611.63,0.65,No renovable,2013-10-30
1400,494186.48,0.69,No renovable,2013-10-31
1401,394690.96,0.62,No renovable,2013-11-01
1402,361897.47,0.58,No renovable,2013-11-02
1403,358177.85,0.6,No renovable,2013-11-03
1404,342501.15,0.46,No renovable,2013-11-04
1405,349104.98,0.45,No renovable,2013-11-05
1406,471331.83,0.63,No renovable,2013-11-06
1407,471944.16,0.64,No renovable,2013-11-07
1408,422633.64,0.57,No renovable,2013-11-08
1409,340914.89,0.52,No renovable,2013-11-09
1410,317039.62,0.49,No renovable,2013-11-10
1411,382527.88,0.52,No renovable,2013-11-11
1412,437396.17,0.59,No renovable,2013-11-12
1413,387397.46,0.52,No renovable,2013-11-13
1414,370031.13,0.48,No renovable,2013-11-14
1415,375690.18,0.48,No renovable,2013-11-15
1416,370211.46,0.53,No renovable,2013-11-16
1417,384345.84,0.58,No renovable,2013-11-17
1418,440543.16,0.54,No renovable,2013-11-18
1419,413306.61,0.5,No renovable,2013-11-19
1420,490371.77,0.58,No renovable,2013-11-20
1421,458785.33,0.53,No renovable,2013-11-21
1422,474935.21,0.56,No renovable,2013-11-22
1423,363470.35,0.49,No renovable,2013-11-23
1424,326337.68,0.45,No renovable,2013-11-24
1425,420794.81,0.5,No renovable,2013-11-25
1426,448972.11,0.52,No renovable,2013-11-26
1427,495278.45,0.57,No renovable,2013-11-27
1428,563482.62,0.66,No renovable,2013-11-28
1429,553183.13,0.63,No renovable,2013-11-29
1430,439345.21,0.55,No renovable,2013-11-30
1431,389152.68,0.52,No renovable,2013-12-01
1432,535841.86,0.63,No renovable,2013-12-02
1433,590391.43,0.71,No renovable,2013-12-03
1434,588749.85,0.72,No renovable,2013-12-04
1435,569325.04,0.67,No renovable,2013-12-05
1436,472777.46,0.63,No renovable,2013-12-06
1437,554126.24,0.76,No renovable,2013-12-07
1438,553283.68,0.8,No renovable,2013-12-08
1439,610660.43,0.76,No renovable,2013-12-09
1440,596558.55,0.72,No renovable,2013-12-10
1441,560239.88,0.67,No renovable,2013-12-11
1442,644190.75,0.77,No renovable,2013-12-12
1443,625784.58,0.74,No renovable,2013-12-13
1444,539687.61,0.72,No renovable,2013-12-14
1445,518316.93,0.72,No renovable,2013-12-15
1446,557032.08,0.66,No renovable,2013-12-16
1447,644374.38,0.77,No renovable,2013-12-17
1448,583348.83,0.7,No renovable,2013-12-18
1449,504912.31,0.61,No renovable,2013-12-19
1450,505867.5,0.6,No renovable,2013-12-20
1451,513999.74,0.71,No renovable,2013-12-21
1452,500577.98,0.72,No renovable,2013-12-22
1453,490862.87,0.65,No renovable,2013-12-23
1454,366938.58,0.5,No renovable,2013-12-24
1455,282137.46,0.42,No renovable,2013-12-25
1456,335885.05,0.44,No renovable,2013-12-26
1457,350229.06,0.47,No renovable,2013-12-27
1458,325181.87,0.45,No renovable,2013-12-28
1459,351837.46,0.54,No renovable,2013-12-29
1460,415739.75,0.6,No renovable,2013-12-30
1461,371582.09,0.53,No renovable,2013-12-31
